Titulo,count
Leave This Song Behind: Teen Poetry at Its Best,15
How to Be a Domestic Goddess: Baking and the Art of Comfort Cooking,15
A Summer In Europe,15
Blue Like Jazz: Nonreligious Thoughts on Christian Spirituality,15
An Unquiet Mind: A Memoir of Moods and Madness,15
In the Woods (Dublin Murder Squad #1),15
Brilliant Beacons: A History of the American Lighthouse,15
Future Shock (Future Shock #1),15
"The Pioneer Woman Cooks: Dinnertime: Comfort Classics, Freezer Food, 16-Minute Meals, and Other Delicious Ways to Solve Supper!",15
The White Cat and the Monk: A Retelling of the Poem “Pangur Bán”,15
